goldEarned,monstersKilled,damageDealt,timePlayer
0,0,0,10268.61
0,0,0,9.352563
0,0,0,14.69386
0,0,0,14.15393
56,56,10735,75.68737
96,48,13736,56.63605
26,13,3672,23.39637
16,8,1404,21.28941
8,4,1088,19.46929
6,3,520,16.84509
4,2,544,14.24369
