goldEarned,monstersKilled,damageDealt,timePlayer
0,0,0,10268.61
0,0,0,9.352563
0,0,0,14.69386
0,0,0,143.6579
0,0,0,41.83226
0,0,0,87.92039
0,0,0,67.21288
0,0,0,53.08208
200,0,0,66.15719
6000,0,0,140.4789
0,0,0,36.44893
184,92,25976,105.9406
0,0,0,29.35521
